,count
China,537
USA,229
South Korea,76
France,75
India,54
Italy,53
U.K.,52
Canada,45
Singapore,39
Australia,37
Taiwan,33
Germany,28
Brazil,28
Turkey,26
Sweden,22
Japan,21
Hong Kong,20
Israel,18
Finland,17
Iran,14
Switzerland,13
Spain,12
Austria,12
Saudi Arabia,10
Portugal,8
The Netherlands,7
UAE,6
Greece,6
Egypt,6
Croatia,5
Poland,5
Denmark,4
Belgium,4
Malaysia,3
Qatar,3
Czech Republic,3
Cyprus,3
Venezuela,2
Macau,2
Lebanon,2
Ireland,2
Mexico,2
Russia,2
Pakistan,2
SAR China,2
Algeria,2
Macedonia,2
Iceland,1
New Zealand,1
Norway,1
Slovenia,1
Kazakhstan,1
